[1,["ecpdLyjvZBwrvm+cedCcQy","f0BIwQ8D5Ml7nTNQbh1YlS","a2MjXRFdtLlYQ5ouAFv/+R","e97GVMl6JHh5Ml5qEDdSGa","29FYIk+N1GYaeWH/q1NxQO","ffDpHHVcZAhqOfy25Fe4w7","ed0hW5J5ZKBar1gflskoHO"],["node","_spriteFrame","_parent","_N$normalSprite","_N$pressedSprite","_N$hoverSprite","_N$disabledSprite","editBox","showText2","showText1","scene","_textureSetter"],[["cc.Node",["_name","_objFlags","_id","_opacity","_components","_contentSize","_parent","_children","_trs","_color"],-1,9,5,1,2,7,5],["cc.Widget",["_alignFlags","_originalWidth","_originalHeight","alignMode","_left","node"],-2,1],["cc.Label",["_N$verticalAlign","_fontSize","_enableWrapText","_N$overflow","_string","_N$horizontalAlign","_lineHeight","_N$cacheMode","node","_materials"],-5,1,3],["cc.Node",["_name","_objFlags","_active","_parent","_components","_contentSize","_anchorPoint","_trs","_color"],0,1,12,5,5,7,5],["cc.Sprite",["_sizeMode","_type","node","_materials","_spriteFrame"],1,1,3,6],["cc.Node",["_name","_parent","_components","_contentSize","_children","_trs","_color"],2,1,2,5,2,7,5],"cc.SpriteFrame",["cc.SceneAsset",["_name","asyncLoadAssets"],1],["cc.Canvas",["_fitHeight","node","_designResolution"],2,1,5],["bcb61AxunxEBoM8UnHO8xmb",["node","showText1","showText2","editBox"],3,1,1,1,1],["cc.Button",["_N$transition","node","clickEvents","_N$normalColor","_N$pressedColor","_N$disabledColor","_N$target","_N$normalSprite","_N$pressedSprite","_N$hoverSprite","_N$disabledSprite"],2,1,9,5,5,5,1,6,6,6,6],["cc.ClickEvent",["_componentId","handler","target"],1,1],["cc.Scene",["_name","autoReleaseAssets","_children","_anchorPoint","_trs"],1,2,5,7],["cc.Camera",["_clearFlags","_depth","node"],1,1],["cc.EditBox",["maxLength","_N$inputMode","node","_N$textLabel","_N$placeholderLabel","_N$background"],1,1,1,1,1]],[[0,0,6,7,4,5,8,2],[1,3,0,1,2,5,5],[4,0,2,3,4,2],[0,0,1,7,4,5,3],[0,0,1,6,4,9,5,3],[5,0,1,2,6,3,2],[1,3,0,4,1,2,5,6],[4,1,0,2,3,4,3],[10,0,1,2,3,4,5,6,7,8,9,10,2],[11,0,1,2,3],[2,4,1,2,5,0,7,8,9,7],[2,5,0,3,8,9,4],[7,0,1,3],[0,0,2,7,4,5,8,3],[0,0,3,6,4,5,3],[0,0,6,4,5,8,2],[5,0,1,4,2,3,5,2],[3,0,1,3,4,5,3],[3,0,1,2,3,4,5,6,7,4],[3,0,1,3,4,8,5,6,7,3],[8,0,1,2,2],[1,0,5,2],[1,0,1,2,5,4],[9,0,1,2,3,1],[4,1,0,2,3,3],[12,0,1,2,3,4,3],[13,0,1,2,3],[2,1,6,2,0,3,8,6],[2,4,1,6,2,0,3,8,9,7],[14,0,1,2,3,4,5,3]],[[[[12,"TestNetwork",null],[13,"Canvas","a5esZu+45LA5mBpvttspPD",[-7,-8,-9,-10,-11,-12,-13],[[20,false,-1,[5,1280,720]],[21,45,-2],[23,-6,-5,-4,-3]],[5,1280,720],[640,360,0,0,0,0,1,1,1,1]],[3,"Background",512,[-16],[[7,1,0,-14,[3],4],[1,0,45,100,40,-15]],[5,150,40]],[3,"Background",512,[-19],[[7,1,0,-17,[13],14],[1,0,45,100,40,-18]],[5,150,40]],[16,"New EditBox",1,[-21,-22,-23],[-20],[5,160,40],[353.133,-142.17,0,0,0,0,1,1,1,1]],[14,"New Sprite(Splash)",150,1,[[2,0,-24,[0],1],[22,45,100,100,-25]],[5,1280,720]],[0,"New Button",1,[2],[[8,2,-26,[[9,"bcb61AxunxEBoM8UnHO8xmb","httpRequest",1]],[4,4293322470],[4,4291348680],[4,3363338360],2,5,6,7,8]],[5,150,40],[-342.432,-230.836,0,0,0,0,1,1,1,1]],[0,"New Sprite(Splash)",1,[-28],[[2,0,-27,[10],11]],[5,220,220],[-339.315,65.02,0,0,0,0,1,1,1,1]],[0,"New Button",1,[3],[[8,2,-29,[[9,"bcb61AxunxEBoM8UnHO8xmb","sendMessage",1]],[4,4293322470],[4,4291348680],[4,3363338360],3,15,16,17,18]],[5,150,40],[356.19,-223.192,0,0,0,0,1,1,1,1]],[0,"New Sprite(Splash)",1,[-31],[[2,0,-30,[20],21]],[5,220,220],[354.19,41.313,0,0,0,0,1,1,1,1]],[17,"BACKGROUND_SPRITE",512,4,[[-32,[1,0,45,160,40,-33]],1,4],[5,160,40]],[18,"TEXT_LABEL",512,false,4,[[-34,[6,0,45,2,158,40,-35]],1,4],[5,158,40],[0,0,1],[-78,20,0,0,0,0,1,1,1,1]],[19,"PLACEHOLDER_LABEL",512,4,[[-36,[6,0,45,2,158,40,-37]],1,4],[4,4290493371],[5,158,40],[0,0,1],[-78,20,0,0,0,0,1,1,1,1]],[25,"New Node",true,[1],[0,0,0],[0,0,0,0,0,0,1,1,1,1]],[15,"Main Camera",1,[[26,7,-1,-38]],[5,960,640],[0,0,399.23771114462625,0,0,0,1,1,1,1]],[4,"Label",512,2,[[10,"HttpRequest",20,false,1,1,1,-39,[2]]],[4,4278190080],[5,111.17,50.4]],[5,"New Label",7,[-40],[4,4278190080],[5,220,220]],[11,1,1,2,16,[9]],[4,"Label",512,3,[[10,"SendMessage",20,false,1,1,1,-41,[12]]],[4,4278190080],[5,127.86,50.4]],[5,"New Label",9,[-42],[4,4278190080],[5,220,220]],[11,1,1,2,19,[19]],[24,1,0,10,[22]],[27,20,25,false,1,1,11],[28,"Enter text here...",20,25,false,1,1,12,[23]],[29,8,6,4,22,23,21]],0,[0,0,1,0,0,1,0,7,24,0,8,20,0,9,17,0,0,1,0,-1,14,0,-2,5,0,-3,6,0,-4,7,0,-5,8,0,-6,9,0,-7,4,0,0,2,0,0,2,0,-1,15,0,0,3,0,0,3,0,-1,18,0,-1,24,0,-1,10,0,-2,11,0,-3,12,0,0,5,0,0,5,0,0,6,0,0,7,0,-1,16,0,0,8,0,0,9,0,-1,19,0,-1,21,0,0,10,0,-1,22,0,0,11,0,-1,23,0,0,12,0,0,14,0,0,15,0,-1,17,0,0,18,0,-1,20,0,10,13,1,2,13,2,2,6,3,2,8,42],[0,0,0,0,0,0,0,0,0,0,0,0,0,0,0,0,0,0,0,0,0,0,0,0,21],[-1,1,-1,-1,1,3,4,5,6,-1,-1,1,-1,-1,1,3,4,5,6,-1,-1,1,-1,-1,1],[0,2,0,0,1,1,3,1,4,0,0,2,0,0,1,1,3,1,4,0,0,2,0,0,5]],[[{"name":"default_editbox_bg","rect":[0,0,40,40],"offset":[0,0],"originalSize":[40,40],"capInsets":[12,12,12,12]}],[6],0,[0],[11],[6]]]]