[1,["ecpdLyjvZBwrvm+cedCcQy","f0BIwQ8D5Ml7nTNQbh1YlS","e97GVMl6JHh5Ml5qEDdSGa","29FYIk+N1GYaeWH/q1NxQO","5co5zqhgpCK6yPw2yS9beK","95vMDNxTxIZIeMUTUCvQnj","a2MjXRFdtLlYQ5ouAFv/+R"],["node","_spriteFrame","_parent","_N$normalSprite","_N$pressedSprite","_N$hoverSprite","_N$disabledSprite","_textureSetter","scene"],[["cc.Node",["_name","_objFlags","_active","_id","_opacity","_components","_contentSize","_parent","_children","_trs","_color"],-2,9,5,1,2,7,5],["cc.Widget",["_alignFlags","alignMode","_originalWidth","_originalHeight","_left","node","_target"],-2,1,1],["cc.Label",["_string","_N$horizontalAlign","_N$verticalAlign","_fontSize","_enableWrapText","_N$cacheMode","_N$overflow","node","_materials"],-4,1,3],["cc.Node",["_name","_parent","_components","_contentSize","_trs"],2,1,2,5,7],["cc.Sprite",["_sizeMode","_type","node","_materials","_spriteFrame"],1,1,3,6],["cc.Button",["_N$transition","zoomScale","node","_N$normalColor","_N$pressedColor","_N$disabledColor","_N$target","_N$normalSprite","_N$pressedSprite","_N$hoverSprite","_N$disabledSprite","clickEvents"],1,1,5,5,5,1,6,6,6,6,9],["321272UiglBhY0DZ2GyAqj1",["cooldown","node"],2,1],"cc.SpriteFrame",["cc.SceneAsset",["_name","asyncLoadAssets"],1],["cc.Canvas",["node","_designResolution"],3,1,5],["59f48Wp84hGNKHPQtBAu31v",["node"],3,1],["d21a6IpEaVGyopzhu8fLcnt",["node","labels"],3,1,2],["cc.BlockInputEvents",["node"],3,1],["cc.ClickEvent",["_componentId","handler","target"],1,1],["cc.Scene",["_name","_active","autoReleaseAssets","_children","_anchorPoint","_trs"],0,2,5,7],["cc.Camera",["_clearFlags","_depth","node"],1,1]],[[0,0,7,8,5,6,9,2],[0,0,1,7,5,10,6,3],[1,1,0,2,3,5,5],[4,1,0,2,3,4,3],[0,0,1,8,5,6,3],[4,0,2,3,4,2],[2,0,3,4,1,2,6,5,7,8,8],[5,0,2,11,3,4,5,6,7,8,9,10,2],[13,0,1,2,3],[2,0,1,2,7,8,4],[0,0,2,7,8,5,6,9,3],[3,0,1,2,3,2],[5,1,0,2,3,4,5,6,7,8,9,10,3],[8,0,1,3],[0,0,3,8,5,6,9,3],[0,0,2,7,8,5,9,3],[0,0,1,8,5,10,6,3],[0,0,4,7,5,10,6,3],[0,0,7,5,6,9,2],[0,0,7,5,6,2],[3,0,1,2,3,4,2],[9,0,1,1],[1,0,5,2],[1,0,4,5,6,3],[10,0,1],[11,0,1,1],[6,0,1,2],[6,1,1],[12,0,1],[14,0,1,2,3,4,5,4],[15,0,1,2,3],[2,0,3,4,1,2,5,7,8,7]],[[[{"name":"timg","rect":[0,0,1280,720],"offset":[0,0],"originalSize":[1280,720],"capInsets":[0,0,0,0]}],[7],0,[0],[7],[5]],[[[13,"TestUIManager",null],[14,"Canvas","a5esZu+45LA5mBpvttspPD",[-4,-5,-6,-7,-8,-9,-10,-11,-12],[[21,-1,[5,1280,720]],[22,45,-2],[24,-3]],[5,1280,720],[640,360,0,0,0,0,1,1,1,1]],[15,"New Node",false,1,[-17,-18,-19,-20],[[25,-16,[-13,-14,-15]]],[-640,-360,0,0,0,0,1,1,1,1]],[4,"Background",512,[-23],[[3,1,0,-21,[3],4],[2,0,45,100,40,-22]],[5,100,40]],[4,"Background",512,[-26],[[3,1,0,-24,[10],11],[2,0,45,100,40,-25]],[5,100,40]],[4,"Background",512,[-29],[[3,1,0,-27,[17],18],[2,0,45,100,40,-28]],[5,100,40]],[4,"Background",512,[-32],[[3,1,0,-30,[24],25],[2,0,45,100,40,-31]],[5,100,40]],[16,"Background",512,[-35],[[3,1,0,-33,[43],44],[2,0,45,100,40,-34]],[4,4293322470],[5,100,40]],[4,"Background",512,[-38],[[3,1,0,-36,[50],51],[2,0,45,100,40,-37]],[5,100,40]],[0,"timg",2,[-41],[[5,0,-39,[31],32],[23,8,311,-40,1]],[5,200,100],[411,268.52,0,0,0,0,1,1,1,1]],[10,"New Button",false,1,[7],[[12,0.85,3,-42,[4,4293322470],[4,4291348680],[4,3363338360],7,45,46,47,48],[26,3,-43]],[5,100,40],[-5.511,-100.048,0,0,0,0,1,1,1,1]],[10,"New Button",false,1,[8],[[12,0.85,3,-44,[4,4293322470],[4,4291348680],[4,3363338360],8,52,53,54,55],[27,-45]],[5,100,40],[271.544,-105.178,0,0,0,0,1,1,1,1]],[17,"sprite",150,1,[[5,0,-46,[0],1],[28,-47]],[4,4293980400],[5,1280,720]],[0,"openUI",1,[3],[[7,2,-48,[[8,"59f48Wp84hGNKHPQtBAu31v","openUI",1]],[4,4293322470],[4,4291348680],[4,3363338360],3,5,6,7,8]],[5,100,40],[0,32.103,0,0,0,0,1,1,1,1]],[0,"showSingleTip",1,[4],[[7,2,-49,[[8,"59f48Wp84hGNKHPQtBAu31v","showTip",1]],[4,4293322470],[4,4291348680],[4,3363338360],4,12,13,14,15]],[5,100,40],[-307.271,-158.986,0,0,0,0,1,1,1,1]],[0,"showTips",1,[5],[[7,2,-50,[[8,"59f48Wp84hGNKHPQtBAu31v","showTips",1]],[4,4293322470],[4,4291348680],[4,3363338360],5,19,20,21,22]],[5,100,40],[1.755,-158.986,0,0,0,0,1,1,1,1]],[0,"showTipBox",1,[6],[[7,2,-51,[[8,"59f48Wp84hGNKHPQtBAu31v","showTipBox",1]],[4,4293322470],[4,4291348680],[4,3363338360],6,26,27,28,29]],[5,100,40],[339.375,-163.572,0,0,0,0,1,1,1,1]],[0,"timg copy",2,[-53],[[5,0,-52,[34],35]],[5,200,100],[852.235,268.52,0,0,0,0,1,1,1,1]],[0,"timg copy",2,[-55],[[5,0,-54,[37],38]],[5,200,100],[847.104,499.399,0,0,0,0,1,1,1,1]],[0,"timg copy",2,[-57],[[5,0,-56,[40],41]],[5,200,100],[475.987,507.95,0,0,0,0,1,1,1,1]],[29,"New Node",false,true,[1],[0,0,0],[0,0,0,0,0,0,1,1,1,1]],[18,"Main Camera",1,[[30,7,-1,-58]],[5,960,640],[0,0,561.3035507169358,0,0,0,1,1,1,1]],[1,"Label",512,3,[[6,"openUI",20,false,1,1,1,1,-59,[2]]],[4,4278190080],[5,100,40]],[1,"Label",512,4,[[6,"showTip",20,false,1,1,1,1,-60,[9]]],[4,4278190080],[5,100,40]],[1,"Label",512,5,[[6,"showTips",20,false,1,1,1,1,-61,[16]]],[4,4278190080],[5,100,40]],[1,"Label",512,6,[[31,"showTipBox",20,false,1,1,1,-62,[23]]],[4,4278190080],[5,108.19,50.4]],[20,"New Label",9,[-63],[5,97.87,50.4],[3.420000000000016,0,0,0,0,0,1,1,1,1]],[9,"Label",1,1,26,[30]],[11,"New Label",17,[-64],[5,97.87,50.4]],[9,"Label",1,1,28,[33]],[11,"New Label",18,[-65],[5,97.87,50.4]],[9,"Label",1,1,30,[36]],[19,"New Label",19,[[9,"Label",1,1,-66,[39]]],[5,97.87,50.4]],[1,"Label",512,7,[[6,"button",20,false,1,1,1,1,-67,[42]]],[4,4278190080],[5,100,40]],[1,"Label",512,8,[[6,"button",20,false,1,1,1,1,-68,[49]]],[4,4278190080],[5,100,40]]],0,[0,0,1,0,0,1,0,0,1,0,-1,21,0,-2,12,0,-3,13,0,-4,14,0,-5,15,0,-6,16,0,-7,2,0,-8,10,0,-9,11,0,-1,27,0,-2,29,0,-3,31,0,0,2,0,-1,9,0,-2,17,0,-3,18,0,-4,19,0,0,3,0,0,3,0,-1,22,0,0,4,0,0,4,0,-1,23,0,0,5,0,0,5,0,-1,24,0,0,6,0,0,6,0,-1,25,0,0,7,0,0,7,0,-1,33,0,0,8,0,0,8,0,-1,34,0,0,9,0,0,9,0,-1,26,0,0,10,0,0,10,0,0,11,0,0,11,0,0,12,0,0,12,0,0,13,0,0,14,0,0,15,0,0,16,0,0,17,0,-1,28,0,0,18,0,-1,30,0,0,19,0,-1,32,0,0,21,0,0,22,0,0,23,0,0,24,0,0,25,0,-1,27,0,-1,29,0,-1,31,0,0,32,0,0,33,0,0,34,0,8,20,1,2,20,3,2,13,4,2,14,5,2,15,6,2,16,7,2,10,8,2,11,68],[0,0,0,0,0,0,0,0,0,0,0,0,0,0,0,0,0,0,0,0,0,0,0,0,0,0,0,0,0,0,0,0,0,0,0,0,0,0,0,0,0,0,0,0,0,0,0,0,0,0,0,0,0,0,0,0],[-1,1,-1,-1,1,3,4,5,6,-1,-1,1,3,4,5,6,-1,-1,1,3,4,5,6,-1,-1,1,3,4,5,6,-1,-1,1,-1,-1,1,-1,-1,1,-1,-1,1,-1,-1,1,3,4,5,6,-1,-1,1,3,4,5,6],[0,6,0,0,1,1,2,1,3,0,0,1,1,2,1,3,0,0,1,1,2,1,3,0,0,1,1,2,1,3,0,0,4,0,0,4,0,0,4,0,0,4,0,0,1,1,2,1,3,0,0,1,1,2,1,3]]]]