[1,["ecpdLyjvZBwrvm+cedCcQy","a2MjXRFdtLlYQ5ouAFv/+R","95vMDNxTxIZIeMUTUCvQnj","5co5zqhgpCK6yPw2yS9beK"],["node","_spriteFrame","_textureSetter","scene","_parent"],[["cc.Node",["_name","_opacity","_id","_components","_contentSize","_parent","_trs","_children","_color"],0,9,5,1,7,2,5],["cc.Widget",["_alignFlags","_right","_top","_bottom","_originalWidth","_originalHeight","_left","node"],-4,1],["ddf51qpAElBiaeLLbLH5kNS",["fitType","fitWidget","left","fitBackground","node"],-1,1],["cc.Sprite",["_sizeMode","node","_materials","_spriteFrame"],2,1,3,6],"cc.SpriteFrame",["cc.SceneAsset",["_name","asyncLoadAssets"],1],["cc.Canvas",["_fitHeight","node","_designResolution"],2,1,5],["cc.Scene",["_name","autoReleaseAssets","_children","_anchorPoint","_trs"],1,2,5,7],["cc.Camera",["_clearFlags","_depth","node"],1,1],["cc.Label",["_string","_N$horizontalAlign","_N$verticalAlign","node","_materials"],0,1,3]],[[3,0,1,2,3,2],[0,0,5,3,4,6,2],[0,0,1,5,7,3,8,4,3],[9,0,1,2,3,4,4],[5,0,1,3],[0,0,2,7,3,4,6,3],[0,0,5,3,8,4,6,2],[0,0,5,3,4,2],[0,0,1,5,3,4,6,3],[6,0,1,2,2],[1,0,7,2],[1,0,1,2,3,4,5,7,7],[1,0,6,1,2,3,4,5,7,8],[2,4,1],[2,0,1,2,4,4],[2,3,0,4,3],[3,1,2,3,1],[7,0,1,2,3,4,3],[8,0,1,2,3]],[[[{"name":"timg","rect":[0,0,1280,720],"offset":[0,0],"originalSize":[1280,720],"capInsets":[0,0,0,0]}],[4],0,[0],[2],[2]],[[[4,"TestFitScreen",null],[5,"Canvas","a5esZu+45LA5mBpvttspPD",[-4,-5,-6,-7,-8,-9],[[9,false,-1,[5,1280,720]],[10,45,-2],[13,-3]],[5,1280,720],[640,360,0,0,0,0,1,1,1,1]],[6,"New Sprite(Splash)",1,[[0,0,-10,[10],11],[11,8,1130,310,310,100,100,-11],[14,1,true,20,-12]],[4,4278190335],[5,100,100],[-590,0,0,0,0,0,1,1,1,1]],[7,"timg",1,[[16,-13,[0],1],[15,true,1,-14]],[5,1280,720]],[2,"New Sprite(Splash)",120,1,[-16],[[0,0,-15,[3],4]],[4,4284703610],[5,1280,720]],[2,"New Sprite(Splash) copy",120,1,[-18],[[0,0,-17,[6],7]],[4,4284572105],[5,960,720]],[8,"content",120,1,[[0,0,-19,[8],9],[12,8,20,575,160,160,500,400,-20]],[5,500,400],[-370,0,0,0,0,0,1,1,1,1]],[17,"New Node",true,[1],[0,0,0],[0,0,0,0,0,0,1,1,1,1]],[1,"Main Camera",1,[[18,7,-1,-21]],[5,960,640],[0,0,399.23771114462625,0,0,0,1,1,1,1]],[1,"New Label",4,[[3,"16:9",1,1,-22,[2]]],[5,77.85,50.4],[-583.144,326.777,0,0,0,0,1,1,1,1]],[1,"New Label",5,[[3,"4:3",1,1,-23,[5]]],[5,55.61,50.4],[-420.658,326.777,0,0,0,0,1,1,1,1]]],0,[0,0,1,0,0,1,0,0,1,0,-1,8,0,-2,3,0,-3,4,0,-4,5,0,-5,6,0,-6,2,0,0,2,0,0,2,0,0,2,0,0,3,0,0,3,0,0,4,0,-1,9,0,0,5,0,-1,10,0,0,6,0,0,6,0,0,8,0,0,9,0,0,10,0,3,7,1,4,7,23],[0,0,0,0,0,0,0,0,0,0,0,0],[-1,1,-1,-1,1,-1,-1,1,-1,1,-1,1],[0,3,0,0,1,0,0,1,0,1,0,1]]]]